{
  "axes": {
    "pan": {
      "center": 0.0,
      "max": 90.0,
      "min": -90.0,
      "sign": 1
    },
    "tilt": {
      "center": 0.0,
      "max": 45.0,
      "min": -45.0,
      "sign": -1
    }
  },
  "deadband_deg": 1.2814453125,
  "deg_per_px": {
    "pan": 0.1283846872082166,
    "tilt": 0.11904761904761903
  },
  "latency_s": 0.030999999959021807,
  "version": 1
}